First Last,First,Last,Company,Domain
Nathon Kong,Nathon,Kong,Nathon Kong,www.nathonkong.com
Zane Moore,Zane,Moore,Banks Journal,www.banksjournal.com
Kimberly Mccoy,Kimberly,Mccoy,Bow,www.bowforbold.com
Melanie Marsden,Melanie,Marsden,Lounge underwear,www.loungeunderwear.com
Geoff Spencer,Geoff,Spencer,Strut,www.strutlife.com
Sophie Buhai,Sophie,Buhai,Sophie Buhai,www.sophiebuhai.com
Morris Benun,Morris,Benun,CultureFly LLC,www.culturefly.com
Stephanie Eynon,Stephanie,Eynon,Scarlet Ribbon Merino Ltd,www.scarletribbonmerino.com
Peta Wessell,Peta,Wessell,Peta And Jain,www.petaandjain.com
Tom Morris Richardson,Tom,Richardson,Morris Richardson,www.morrisrichardson.com
Wes Stoody,Wes,Stoody,Article One,www.articleoneeyewear.com
Daniel Charbonnet,Daniel,Charbonnet,All Citizens,www.allcitizensapparel.com
Ernestine Blesso,Ernestine,Blesso,Nestina Accessories LLC,www.nestinaccessories.com
Egill ásbjarnarson,Egill,ásbjarnarson,Suitup Reykjavik,www.suitup.is
Andrea Flores,Andrea,Flores,Wayvy Baby,www.wayvybaby.com
Abderrahmane Trabsini,Abderrahmane,Trabsini,Daily Paper,www.dailypaperclothing.com
Jilly Blackett,Jilly,Blackett,Res Ipsa,www.resipsausa.com
Frannee Thompson,Frannee,Thompson,Neon Moon,www.neonmoon.co
Jason Rodriguez,Jason,Rodriguez,STRATA Company,www.strataclothing.com
Mariana Pimentel,,,Piupiuchick,www.piupiuchick.com
