First Last,First,Last,Company,Domain
Albert Pasco,Albert,Pasco,dress.,www.dressraleigh.com
Mallory Stevens,Mallory,Stevens,Taft Clothing Inc.,www.taftclothing.com
Raymond Guilbault,Raymond,Guilbault,8&9 MFG. Co.,www.8and9.com
Jennifer Geng,Jennifer,Geng,Mimi So International Llc,www.mimiso.com
Ryden Rizzo,Ryden,Rizzo,Allied Maker,www.alliedmaker.com
Traci Walsh,Traci,Walsh,Fire And Ice Inc,www.fireandice.com
Aspen Hasse,Aspen,Hasse,"Kayne, LLC",www.jennikayne.com
Grace Grabowski,Grace,Grabowski,adidas Combat Sports USA,www.acsgear.com
Mom Luedee,Mom,Luedee,Jayne,www.jayneboutique.com
Eric Singer,Eric,Singer,Shwood Limited,www.shwoodshop.com
Jason Hsu,Jason,Hsu,Zooshoo,www.zooshoo.com
Branden Windle,Branden,Windle,"Tecovas, Inc.",www.tecovasboots.com
Leslie Quinn,Leslie,Quinn,Jude Connally Clothing,www.judeconnally.com
Erika Berardinucci,Erika,Berardinucci,Bella Bridesmaids,www.bellabridesmaids.com
Asia Smaga,Asia,Smaga,ENDER LEGARD Ltd,www.enderlegard.com
Briana Erin Kusher,Briana,Kusher,Tat2 Designs Llc,www.tat2designs.com
Alexandre Molimard,Alexandre,Molimard,Linda Farrow,www.lindafarrow.com
Bruce Lamont,Bruce,Lamont,"No Sweat, LLC",www.nosweatco.com
Isabel Rotger,Isabel,Rotger,Act Series,www.act-series.com
Martha Pickett,,,dress.,www.dressraleigh.com
